id,name,email,account_balance,default_currency
cus_MumO2LFaLMgBQz,,,0,
cus_MumLgC0igfkALf,,,0,
cus_MumKevPGBQtHg2,,,0,
cus_MumHiyESFhpKEC,,,0,
cus_MumGwOPs6u6rI4,,,0,
cus_Mulu9v0aW8wqE1,,,0,
cus_Muli0ILcW2lOef,,,0,
cus_Muldpmz04LeGjP,,,0,
cus_MulVEVBLvQyeaM,,,0,
cus_MulB9ycEIxlJWM,,,0,
cus_MulAcwmWZ2uN00,,,0,
cus_Mul9vAWtD3J6VX,,,0,
cus_Mul8GBbENH4OWN,,,0,
cus_Mul63mOlQQ2VY0,,,0,
cus_Mul5GYKcDw4yz8,,,0,
cus_Mul06qjHIT4L1Y,,,0,
cus_Mul0YuTNgeT5Zr,,,0,
cus_MukzUXqHuMIiRM,,,0,
cus_MukytF9TW0qIOq,,,0,
cus_MukxLJ7rRRtUnV,,,0,
cus_MukwegqiwYcWSN,,,0,
cus_MukuR7FaIXDSqK,,,0,
cus_MukqYcGZJ7y6Qi,,,0,
cus_MukoiFbshFGVLU,,,0,
cus_MuP14QtDwMqEW0,Dijana Test Credit Balance,dijana+creditbalance@chartmogul.com,-599955,usd
cus_MoeaUWnqCbJpkY,aroman test,aromantest@mail.com,0,usd
cus_MgTH97LbkQhL3I,Deleting Subscriptions,,0,usd
cus_MfpLFrV1GNCv43,Deleted Subscription Item - SaaSync 1,,0,usd
cus_MeB0rqwJbhhujG,sample customer,sample1@example.com,0,
cus_MdrOYZOfXsMwss,test,test@example.com,0,usd
cus_Mdlm57vlNG1SrW,Payment Example,customer_payment_checkout@example.com,0,usd
cus_MdlfvzJYuhEwFq,payment page,payment@example.com,0,usd
cus_MdRovJghp5oBDK,[DD] Test one time payment,,0,usd
cus_MZLaaJi3ck3Cdz,unprorated - prorated change,,0,usd
cus_MWhr7V9UN9YfmE,Test One-time,test@test.com,0,
cus_MWhMHBcC3IRnJD,multisubscription customer,,0,usd
cus_MWgCbNixXwgrcF,multiplan customer,,0,usd
cus_MVZ4JQ528es0RK,Daily then Monthly then Cancel,,0,usd
cus_MU6nuaxFarQvhu,Diamonds Plan Customer,,0,usd
cus_MTf6YG0kLM7BBF,void state,void@example.com,-6000,usd
cus_MTMhg2aziDfWwl,Metered customer,metered@example.com,0,
cus_MTDx5CBUlDrmDg,,,0,
cus_MTDxIuwZZaworK,,,0,
cus_MTDx53Tbwg3Zrn,,,0,
cus_MTDQVHcTtgisGD,,,0,
cus_MTD9KeOUAWfIZu,ssqsqs,,0,
cus_MTD6WNb8YghRKS,,,0,
cus_MTClKYnCi7V991,,,0,
cus_MTCGHW9jXpL6zL,,,0,
cus_MTCGE1mZBk0fbz,,,0,
cus_MTCFHkaxo4ZKal,,,0,
cus_MTC5H1uoFYpeph,,,0,
cus_MTBgXgooiogp8h,,,0,
cus_MTBg3EJpAaUTvv,,,0,
cus_MTBfZRrpuA1KcF,,,0,
cus_MTB9VOsjfiYBMI,,,0,
cus_MTB74Zko5jNXrA,,,0,
cus_MTB5VqEwrKBDh2,,,0,
cus_MTAnjqkxIAc0EV,,,0,
cus_MTAnEMxaTJxPti,,,0,
cus_MT9jAooBm63Nj2,test,,0,
cus_MQhyFEefJIQto6,Customer w/ Balance,,0,usd
cus_MOebw1hAA4EgPe,Testing lead 2,lead2@gmail.com,0,usd
cus_MOeYV85IguAC9P,Testing trial,trialt@gmail.com,0,usd
cus_MOdljoSqw0TbXX,Testing Lead,lead@gmail.com,0,usd
cus_MLW0tq7Z5t4Bg2,Test New BS,newbs@email.com,0,usd
cus_ML8CUtxVKwN9Hi,Slack Test,slack@example.com,0,usd
cus_MGLFf6Zd6f52eJ,Invoiced Customer setting,invoiced@chartmogul.com,0,usd
cus_MEVpFLTINyYey6,Refund test,refund@chartmogul.com,0,usd
cus_MAbx4v1eIbXoLk,aroman test,testaroman@mail.com,0,usd
cus_MAbgp3ztO0Evbw,backdate subscriber 6,,0,
cus_MAZivlvOkqX0Vq,backdate subscriber 5,,0,usd
cus_MAZdBcBCQTh8LB,backdate subscriber 4,,0,usd
cus_MAZLC7IYtUUWZw,backdate subscriber 3,,0,usd
cus_MAYdLLLCpmxToJ,backdate subscriber 2,,0,usd
cus_MALPD0ElgxiWLC,backdate subscriber,,0,usd
cus_M6XjAcx3bvZTwo,Henry Doe,hdoe@example.com,-10000,usd
cus_M6Wp3EqCSGkBrz,Jojo Doe,jodo4@example.com,0,usd
cus_M6WcGpHAJB58uZ,Jonah Doe,jodo3@example.com,0,usd
cus_M6TyAf4MsJcg6q,Jessica Doe,jdoe2@example.com,0,usd
cus_M6ToZsJyzGJi6P,Johnny Doe,jodo2@example.com,0,usd
cus_M6R4A1U6T8eC9l,Joe Doe,jodo1@example.com,0,usd
cus_M6QvBTjnWEjR61,Jane Doe,jdoe@example.com,0,usd
cus_M6Qj7XagZfBx7B,credits customer 2,,0,usd
cus_M5gxhjoAygYKOS,Credits customer,credits_man@example.com,0,usd
cus_M1JE95wu9SApyN,CMRR Metered 2,,0,usd
cus_LyFo4oX7HrFpot,CMRR - Metered,,0,usd
cus_LxYZksGRHQXAuO,Customer With Inactive Tax,,0,usd
cus_LxXI5qhKRivFSv,customer with trial,,0,usd
cus_Lx4jw44P38Bv07,customer with inclusive tax,,0,usd
cus_Lx4WJhtLPMba8Z,customer with taxes,,0,usd
cus_LugT5Vp0YdkAgJ,New trial customer,,0,usd
cus_LuaiQtDMKsQvAr,Testing Stripe Immediate Events,,0,usd
cus_LsKsJ6L3L9jEzO,Reactivation of the same subscription item,test@chartmogul.com,-300,usd
cus_LsCB8LDY04lXKZ,one time charge,,0,usd
cus_Lq1sCdBBoV5faY,CMRR immediate,,0,usd
cus_Lo8yGNDTzGQI8H,discount customer 1,,0,
cus_Lo8eQwoY7ZxnFE,Test,test.new@mail.com,0,usd
cus_Lo88qqmbpiqvzX,First Paid Renewal Paid After Cancellation,first_paid_renewal_paid_after_cancellation@chartmogul.com,0,usd
cus_Lo869ISthm1UOK,First Paid Renewals Open (Churn at the end issue),first_paid_renewals_open@chartmogul.com,0,usd
cus_LnoX6Hqstk6lrx,credit from downgrades,,0,usd
cus_LnmJVhsh4giUnI,All Open Invoices (Churn at the end issue),all_open_invoices@chartmogul.com,0,usd
cus_Ll7PEFypS3kApE,plan switch nonprorated,,0,usd
cus_Ll4jedk8PgUeu9,test_fees,test_fees@example.com,0,usd
cus_Lk56KyEzieqd2M,TWD,TWD@example.com,0,usd
cus_LiqM9UMZZVSW3A,plan switch,zdagent.arnold@gmail.com,0,usd
cus_LhkOCRb3LDKCiQ,test multiplan 2,,0,usd
cus_LhkJ7y1sGzqcgj,test multiplan,,0,usd
cus_LhUsS9ex7k7SMM,Test Immediate Subscription MRR,test_immediate_mrr@chartmogul.com,0,usd
cus_LgPuDpV6pmXDAG,test cm 3,test@gmail.com,0,usd
cus_LgPlVXbXRmYo0j,test cm 2,test@gmail.com,0,usd
cus_LgNm6bJCLZzd3f,Maria test,maria@test.com,0,usd
cus_LgM6AKG8sBgulV,Sergey Test CMRR,,0,usd
cus_LfstjU4lnLB3kH,Testing w/ Sergei,tws2@example.com,0,usd
cus_LfUghgdpRT6KcB,CH40285,,0,usd
cus_LfJfyQiCTx4bry,K K,k@example.com,0,usd
cus_LfJ5A6JiVo29ee,S S,s@example.com,0,usd
cus_LfIjAXuNmQudQT,S C,sc@example.com,0,usd
cus_LfDpqb4xG0GbBz,New customer,,0,usd
cus_LfCVjpHAoAqkOt,Javier Zanetti,jav.zan@chartmogul.com,0,usd
cus_LfAdZlW5s7QgEy,Pablo Aimar,pablo.aimar@chartmogul.com,0,usd
cus_Lb4eByih8tr5Ot,Dij tests cancellation,,0,usd
cus_Lah9bu4YWDU6La,CMRR bug,,0,usd
cus_LZYAnvUhnQJo53,Free deleted plan,,0,usd
cus_LZY0ybZodUf69N,Second Trial period,,0,usd
cus_LYPYwnmgAPp7of,trial customer,,0,usd
cus_LY54f0DOldNL5c,CMRR Dijana,cmrr_dijana@chartmogul.com,0,usd
cus_LY2GwnEIq60gBe,testing with D,,0,usd
cus_LXdzQd9v5zmkmw,CMRR demo 2,,0,usd
cus_LXd4pnIamuouvV,CMRR demo 1,,0,usd
cus_LVoj3ZeWNmcgsQ,CMMR customer,,0,usd
cus_LVRPGXSPpE6UU7,CMRR Customer,cmrr@chartmogul.com,0,usd
cus_LV6fyyKqvZ8zM2,,,0,
cus_LV6egHOhfo9wPJ,,,0,
cus_LV6e2J9Ym2SwaB,,,0,usd
cus_LV1by368qxDaVh,move to free 3,free_trial3@example.com,0,usd
cus_LV1WvR5o2xUpMp,move to free 2,free_trial2@example.com,0,usd
cus_LUzdTSKFSFD3Bl,move to free trial,free_trial@example.com,0,usd
cus_LUjDkMJCp8dZiX,CD CMRR 3,cd_cmrr3@example.com,0,usd
cus_LUj82BmhXP6xF9,CD CMRR 2,cd_cmrr2@example.com,0,usd
cus_LUgc4enfzhtRKM,mrr test 1,mrrtest1@example.com,0,usd
cus_LUdTFdpHuzIQHe,Sripe Tax,,0,usd
cus_LTB1SJRZjzzZRg,Move to a free plan 2,freeplan2@example.com,0,usd
cus_LT9sNguo1BB9zQ,Move to a free plan,freeplan@example.com,-9999,usd
cus_LSTohk9b66Usfp,Customer With Future subscription,,0,usd
cus_LSRJNoKoXBkON2,Customer10001,Customer10001@example.com,0,usd
cus_LSQIz4KfAKhxJ5,Customer moves to a free plan,cmtafp@example.com,0,usd
cus_LS2XXt3O2OuFCX,CD CMRR,cd_cmrr@example.com,0,usd
cus_LQbxasVOZ5xxiX,Yet Another CMRR Customer,,0,usd
cus_LPm9YjBySpngAu,Testing w/ Claudia,,0,usd
cus_LPl9O2HRIacuB9,New CMRR customer,,0,usd
cus_LP3JuKajA9xCDo,customer_with_tax_on_invoice,,0,usd
cus_LNaZ3xFWyPMUyQ,CMRR01,,0,usd
cus_LMn5UTr73LPPI8,New CMRR Tests account,,0,usd
cus_LKya7WQyES0x75,autocollect,autocollect3@example.com,0,usd
cus_LKxWZeK7wdbAEK,invoiced customer2,autocollect2@mailinator.com,0,usd
cus_LKwgGoTyGISkMN,invoice customer,autocollect@example.com,0,usd
cus_LKVaqdXwelQSrJ,card country test 2,,0,
cus_LKVPc0p23bod7a,card country test,,0,usd
cus_LKVGgdrTxKEtSX,country colombia,,0,usd
cus_LK98aVT8GF9m2e,bi-weekly customer,update_second_time@example.com,0,usd
cus_LJqxBSzH7VBRyY,tws,,0,usd
cus_LJoohgFdjZHiIl,yet another cmrr customer,,0,usd
cus_LHbqiZLjU06Fjz,New CMRR customer,,0,usd
cus_LG8MiMM0SyrKNH,Trial,trialcustomer@trial.com,0,usd
cus_LFim8m20CLlz9k,German Customer,,0,usd
cus_LFIL2F5JyFF4ln,Konan,,0,jpy
cus_LCPiu4XCmp9ZGZ,Dijana Fees,,0,usd
cus_LAkNuhFhZeHCih,test customer monthly to annual,,0,usd
cus_LARdMahgfuSQ6i,CMRR tests,,0,usd
cus_L6m2BvK8rm502y,Test Customer,,0,usd
cus_L6gcXbr8HaVbXw,Testing CMRR,testing.cmrr@example.com,0,usd
cus_L4t3ec5fBbihpZ,cd test webhook,cd@example.com,0,usd
cus_L2zb252RnOuXao,zero mrr,zeromrr@example.com,0,usd
cus_L2dMsdXgTrAlL2,No recurring invoice with discount,charmi@live.com,0,usd
cus_L2Zsa6yBnsk3Sz,testing cancellation,test_cancellation@example.com,-1113,usd
cus_L0Jo9GWbpkga3s,Swtich in Plans,,0,usd
cus_L018AjNGhmVdac,free trial test,mohamed@chartmogul.com,0,usd
cus_KzdXo9MPGaemMv,John Doe,jane@example.com,0,usd
cus_KzdOcox8LIKtsL,Jane Doe (cancellation w/ proration),jane@example.com,0,usd
cus_KxQxtNr6LADkhV,Move to a free trial,mtft@example.com,0,usd
cus_KwQ0LChsobo4uU,Test Void Invoice With Failed Payment,void_with_failed_payment@chartmogul.com,0,usd
cus_KwHaQKnC5uCCpk,Olivia Jones,oliviajones@test.com,0,
cus_KtyfT7hD7xamNF,,api_created2@example.com,0,
cus_Ktv0Dgn1sqd5lm,,api_created@example.com,0,
cus_KtuQqv1OqE6iy7,british guy,british_guy@example.com,0,usd
cus_Kre4xERGooTgsg,Same person,same_email1@mail.com,0,usd
cus_Kre4EpnyR3h8yK,Same person,same_email1@mail.com,0,usd
cus_Kpv9yfUn21UBod,Mr Non Prorated Plan Switches 2,non-prorated-plan-switch2@example.com,0,usd
cus_KpbCUFaIcnpwAy,Mr Non Prorated Plan Switches,non-prorated-plan-switches@example.com,0,usd
cus_KmqDTfIFGaoPWg,Testing graduated deleted plan,,0,usd
cus_KmOQJENI4elgxf,new customer,customer_new@example.com,0,
cus_KhakTXUpjmnd3h,Test customer for add-ons,,0,usd
cus_KhaZn7EYPzetOe,Mr Add On Test,,0,usd
cus_KhADEeHoVRNFJW,archie andrews,customer.archie@gmail.com,0,usd
cus_Kh971Cez9HPDhG,open invoice customer,openinvoice1@example.com,0,usd
cus_KbvCpdUctSqM5k,metered weekly customer,meteredcustomer3@example.com,0,usd
cus_KbujN2AiRlG5cb,metered graduated plan,meteredcustomer2@example.com,0,usd
cus_KZPursgecZOass,John no subs,john@no.com,0,eur
cus_KUsOqVn6D59qnF,Invoice Item Level Discount,,0,usd
cus_KU7ykBkVRwCBp2,Two Subscriptions One Refund,,0,usd
cus_KTxMJ4Zd9qCLZc,,lucia.beatriz.costa@gmail.com,0,
cus_KTxMxN1mVokgWA,,lucia.beatriz.costa@gmail.com,0,
cus_KTxMTH7ZdkczUe,,lucia.beatriz.costa@gmail.com,0,
cus_KTxMmJCujqrdo0,,lucia.beatriz.costa@gmail.com,0,
cus_KTxM0DYgjRXz0Z,,lucia.beatriz.costa@gmail.com,0,
cus_KTueX0QeawXYeZ,,,0,
cus_KSBrkD9FJDsdAP,discount in subscription 1,,0,usd
cus_KRtX2tJjSfG9y1,discount in line item 1,,0,usd
cus_KRoeAgfsG1SokA,refund customer,refund_customer@example.com,0,usd
cus_KRA6TCUkJRa8b1,discount transaction,,0,usd
cus_KQhcw1gyG72BHE,,coupontaxtest@example.com,0,usd
cus_KQhaHpMIBbr7Ux,,coupontest@example.com,0,usd
cus_KPa8rDolQkZBw9,Partial Refund Taxes 2,,0,usd
cus_KPQgtlQ6F36opn,Taxes Full Refund,,0,usd
cus_KPJxG4yuSJtcnj,Partial Refund Taxes,,0,usd
cus_KPIbl5vvdXOWNg,Refund Taxes,,0,usd
cus_KN2pHeBHebxhCx,Non-Recurring Discount,,0,usd
cus_KMhQwybm5AyhAa,Proration Customer,editedcustomer@example.com,0,usd
cus_KLwUjqsRzPLRVi,Trial customer 2,test_trial@example.com,0,usd
cus_KLvAyV6MQaojnH,John Doe,,0,usd
cus_KLv8brfOyAI5Yu,Jane Doe,,0,usd
cus_KLsMvD5qVn2KHU,Joe Doe,mohamed@chartmogul.com,0,usd
cus_KLZIU2YgndXzyx,John doe with manual invoice,john.doe@example.com,0,usd
cus_KLZHhVEbj2L1nh,,mohamed@chartmogul.com,0,usd
cus_KKK8rCyNank2Xs,Customer with address,customerwaddress@example.com,0,usd
cus_KK1CBPY29pfbXL,Customer Change at end of period,,-1,usd
cus_KK1BC2BuEfuD9H,,mohamed@chartmogul.com,0,usd
cus_KK1AhqHMbPp2qA,proration_too_short_period,,0,usd
cus_KK19sxXALQevzB,Refunded customer w/ tax /w discount,,0,usd
cus_KK19smY2wvCoTs,,,0,usd
cus_KK17zm9nIVO6Bq,Customer with credit note and discount and tax and fees,,0,usd
cus_KK17bIIZCGHM4o,proration zero amount,mohamed@chartmogul.com,0,usd
cus_KK14NsYaFzmcAq,Jane Doe (no card),mohamed@chartmogul.com,0,usd
cus_KK13BKzHEUK4BK,MCS churn tests,mcs@mail.go.ru.tn,0,usd
cus_KK12dEqA4KKlSG,MCS churns 1,mohamed@chartmogul.com,0,usd
cus_KK11CAvClFn2NS,MCS churn 2,mohamed@chartmogul.com,0,usd
cus_KK0zH17RkXmK97,MCS churn 3,mohamed@chartmogul.com,0,usd
cus_KK0w19meeVHqm5,MCS churn 4,mohamed@chartmogul.com,0,usd
cus_KK0ucAvGJ9PMcV,,,0,
cus_KK0uN40ebaVDCw,,,0,
cus_KK0kbcMqLl0U9l,Mohamed,Mohamed@chartmogul.com,0,usd
cus_KK0in1M8I2qZnf,,,0,
cus_KK0bP16pHWEXnM,,,0,usd
cus_KK0b0OWNYcjvdh,,,0,
cus_KK0atNXmDeIcXM,,,0,
cus_KK0YcYFTsTgYEc,Customer with balance for DP,,0,usd
cus_KK0Wcxzhzy9pei,,,0,
cus_KK0VQXGwaFXQzT,,,0,
cus_KK0UkyqtUizcFW,,,0,
cus_KK0UBszJFn5LkW,,,0,
cus_KK0TL3SSXXscBH,Plan change with proration,mohamed@chartmogul.com,0,usd
cus_KK0TbnF1IFjJCK,,,0,
cus_KK0RyZw6y9YC9w,,,0,
cus_KK0QDRhhv5X400,,,0,
cus_KK0QLMws4odAjW,,,0,
cus_KK0OA9j52dN0MP,,,0,
cus_KK0F591GQ6CAMU,,,0,
cus_KK0Cl0alrSzfsc,,charmi@live.com,0,usd
cus_KK0B2y5A74RZAT,Failed payment,,0,usd
cus_KK0BJgMyBG84E1,Customer with charge succeeded,charmi@live.com,0,usd
cus_KK06DrrotHsCuZ,,,0,
cus_KJhNPSTUrXV4aP,Zackary Reynolds,Tyson_Roob20@hotmail.com,0,usd
cus_KJfpKDkkC33rc0,Subscription Refund,,0,usd
cus_KJamUHzvn6dB9D,trial customer 2,plantotrial@example.com,0,usd
cus_KJFvcgyYb73bM0,Dijana Switch Plan,,0,usd
cus_KIrm4FjXe9TMFk,customer 27 sep,claudia+test@chartmogul.com,0,gbp
cus_KIrOimrgjWTjpO,new customer,customer_without_invoice@example.com,0,
cus_KHv36JmqdPIhWN,customer 24 sep,claudia+test@chartmogul.com,0,gbp
cus_KHQwEWlaogIcMH,Anakin Skywalker,anakin@example.com,0,usd
cus_KHQjeTPOXg6Izs,Darth Vader,darth@example.com,0,usd
cus_KGw2BbeJTkfkQg,prorated customer,prorated_customer@mailinator.com,0,usd
cus_KGZMiBRcKadHwz,invoice issuance customer,test_invoice@example.com,0,usd
cus_KGIdQec8dxTZkA,Harmony Erdman,Hilma.Harris@gmail.com,0,usd
cus_KFBStdlSNm3F7V,partial refunds,test_parcial_refunds@example.com,0,usd
cus_KEqa8LFhqGWRlK,,,0,
cus_KEqXCOtheFDQuQ,Alize Shanahan,Elta.Bogan@hotmail.com,0,usd
cus_KEqL5W4Eop56dD,Shany Klocko,Wilburn.Bashirian27@hotmail.com,-249947,usd
cus_KEqKMwkUcj4XH6,Gavin Hamill,Adrienne_Christiansen@hotmail.com,0,
cus_KEqJ1QvYD8mHUx,,,0,
cus_KEpVcHFXFvRPO6,Test different currency balance,different_currency_balance@example.com,-300,jpy
cus_KEmAFj6bcwZeZL,Bernadine Kiehn,Hans_Welch@yahoo.com,0,usd
cus_KETW2Olv9E66gJ,Magali Langworth,Antonetta.Kutch@yahoo.com,0,usd
cus_KE3S3PykyVlgfV,Melany McClure,Addison52@yahoo.com,0,usd
cus_KDaaPGjzIMdwZ7,Christophe Bashirian,Darrell.Bechtelar82@yahoo.com,0,usd
cus_KCCV53cVXQGnIg,Janis Wiegand,Alice.Kautzer@gmail.com,0,usd
cus_KBmAiOvfkwueGE,Josiah Wunsch,Rocio.Jakubowski91@hotmail.com,0,usd
cus_K9wLsAh3Bqx4XX,Roman Hickle,Stefanie.Gaylord@gmail.com,0,usd
cus_K9u8VONxROwpZj,Kelvin Walsh,Trace62@gmail.com,0,jpy
cus_K9bqccJzEBrB3Z,Hollie Gorczany,Alec.Altenwerth73@gmail.com,0,usd
cus_K9YMRl1dOEjBxE,Felipa Hilpert,Alvina.Boehm@yahoo.com,0,usd
cus_K9VTveU49aSeru,Braulio Tromp,Torey_Lindgren56@gmail.com,0,usd
cus_K9TFrCP08GAct6,Fabiola Cassin,Delphia_Schowalter82@gmail.com,0,usd
cus_K9E4C079b04kcF,Benedict Bernier,Marisol62@yahoo.com,0,usd
cus_K9CLJ87qPCvkmq,Rubie Hintz,Lessie_Gislason@yahoo.com,0,usd
cus_K963P7BVUSsGa7,Rosamond Bartell,Eve72@gmail.com,0,usd
cus_K8q8gfN3HitepK,Afton McCullough,Lucienne.Breitenberg@hotmail.com,0,usd
cus_K8SGNgl6tnka2P,Damaris Cummings,Stephania.Stiedemann@gmail.com,0,jpy
cus_K8SFD2iE3bqMTP,Stanford Hessel,Wayne.Considine86@hotmail.com,0,jpy
cus_K8RnmYrWqTXHmU,Tabitha Kulas,Tania.Willms14@yahoo.com,0,jpy
cus_K8RhSfnQURgFr1,Mozelle Rodriguez,Ole66@yahoo.com,0,usd
cus_K8Rffu6XsHRTGF,Reyes Upton,Jacinto_Harris77@yahoo.com,0,usd
cus_K8RX0rPIMXU2pl,Larry Zulauf,Keagan47@hotmail.com,0,usd
cus_K7KKWpevc6V8LX,Weak currencies incl tax with non-rec item,weak_currencies_incl_taxes_non_reccuring_item@exampl.com,0,jpy
cus_K7KCCGfulYOcrk,Weak currencies excl taxe non-reccuring item,weak_currencies_excl_taxes_non_reccuring_item@exampl.com,0,jpy
cus_K7K1dgcngk4PXk,Weak currencies with inclusive tax and percentage discount,weak_currencies_with_inclusive_tax_and_percentage_discount@example.com,0,jpy
cus_K7Jx3fN4DieacO,Weak currencies with inclusive tax and amount discount,weak_currencies_with_inclusive_tax_and_amount_discount@example.com,0,jpy
cus_K7Jv0HToJIU6US,Weak currencies with line item and invoice inclusive taxes,weak_currencies_with_line_item_and_invoice_inclusive_taxes@example.com,0,jpy
cus_K7Jt6hldX3l0Ya,Weak currencies with line Item inclusive tax,weak-currencies-with-lineItem-inclusive-tax@example.com,0,jpy
cus_K7JP2NuJncCSEL,Weak currencies with invoice inclusive tax,weak_currencies_with_invoice_inclusive_tax@example.com,0,jpy
cus_K7JJ9JF8SvhMt3,With exclusive tax and percentage discount,weak_currrencies_with_exclusive_tax_and_percentage_discount@example.com,0,jpy
cus_K7JEJuzjWWOjxe,With exclusive tax and amount discount,with_exclusive_tax_and_amount_discount@example.com,0,jpy
cus_K7IZsdLhEaUDIF,with line item and invoice exclusive taxes,with_line_item_and_invoice_exclusive_taxes@example.com,0,jpy
cus_K7IWz9SkPFxbf1,Weak Currencies Exclusive Taxes,weak_currencies_exclusive_taxes_li@example.com,0,jpy
cus_K7F4NvIqldxZAg,Weak Currencies Taxes,weak_currencies_taxex@example.com,0,jpy
cus_K6TpLLY51Fgg7V,non-recurring customer,onetime@example.com,0,usd
cus_K6GOheAKPD7VB1,Brennon Flatley,Anissa48@hotmail.com,0,usd
cus_K6GCRPnPkFn2No,Isidro Moore,Lorenza.Harber12@gmail.com,0,usd
cus_K6BrYvzxpIqr2l,Bria Feeney,Marianne68@gmail.com,0,usd
cus_K5niL0nfIkS3Cx,Damian Kohler,Alvena54@gmail.com,0,usd
cus_K5ndLNUCQjtkIU,Nicholaus Fahey,Lera86@hotmail.com,0,usd
cus_K5nXU5Ue4xPx6w,Berry Kirlin,Orpha18@gmail.com,0,usd
cus_K4cM4wzMdPUaCZ,Ashly Hessel,Amalia96@gmail.com,0,usd
cus_K4cH6CCzzGxVwk,Ben Schowalter,Fern5@gmail.com,0,usd
cus_K4PXCujX5xthg2,Katherine Hettinger,Hubert.Schultz@hotmail.com,0,usd
cus_K4PPO6FWwuCwv9,Ricardo Rau,Otilia_Pfannerstill49@hotmail.com,0,usd
cus_K4Jo2vGbikESDo,Lester Kohler,Jaylin.Satterfield@gmail.com,0,usd
cus_K44OguTZFr4yNZ,Test Customer,,0,usd
cus_K3RNwv01StiVDi,Bobby Portis,test-import2@example.com,0,usd
cus_K2nPTpRMvPlRc0,Leia Organa,leia@example.com,0,usd
cus_K0avUdzqXQXgFT,Mallory Abshire,Stephen_Bosco0@gmail.com,0,usd
cus_JzPWGHtD8LAVZg,Chanel Kerluke,Vida_Feeney@gmail.com,0,usd
cus_JzPW4xDBmSKOgg,Julio Jacobson,Duane_Moore@hotmail.com,0,usd
cus_JzPWACi39ZZ90D,Katelyn Weber,Naomi.Hackett95@gmail.com,0,usd
cus_JzPWuCBVCsIz1Q,Ted Kozey,Curt.Welch35@gmail.com,0,usd
cus_Jz4LH5kqKQXtC5,new customer after revoking access 2,,0,usd
cus_Jz45DRMEwpQeQD,new customer after revoke,,0,usd
cus_Jz3wQQsI8wRxFL,Dijana Multiple Discounts,dijana+multidiscounts@chartmogul.com,0,usd
cus_Jz2GaaOhHK8WTp,Jared Bayer,Wilburn_Johnson@yahoo.com,0,usd
cus_Jz2CSDjB0zZsko,Alejandra Gutmann,Damion_Leannon@hotmail.com,0,usd
cus_Jz27K4W6KgPrnw,Phoebe Bahringer,Kade.Cormier95@hotmail.com,0,usd
cus_JyfjeNIogJmNC0,Yoda,yoda@example.com,0,usd
cus_JyELvRGXF8Y2mc,write off customer,writeoff@example.com,0,usd
cus_JwRFUO0CSaOqfp,Test MCS subscription removal,testmcssubremoval@example.com,0,usd
cus_JrUB1aPZ8bkadm,tiered pricing customer 1,,0,usd
cus_JrDJMUN8SgfOvo,Anakin Skywalker,anakin@example.com,0,usd
cus_JosaooqqdT9jg4,discount man 1,,0,usd
cus_JopAPtWtXpGflx,Testing plan name,plan@mail.com,0,usd
cus_JltMzT1kywr2TB,Test discount amounts under a ff,tdauaff@example.com,0,usd
cus_JlbNZAp2tfItAd,Dimitri Crist,Mylene_Bergstrom12@gmail.com,0,usd
cus_JlaeD2COMrBRrA,Darius Bernhard,Hayley_Zulauf51@gmail.com,0,usd
cus_JlVtzwrWz3YDVz,Geovany Stark,Cristopher.Davis54@hotmail.com,0,usd
cus_Jl7jXDgyh3nDDb,Christine VonRueden,Luella_Hane@gmail.com,0,usd
cus_Jl7fjMG9o13XB9,Winona Bernier,Myrtle52@yahoo.com,0,usd
cus_Jl7cyBD5zsNCLr,Elise Gislason,Dedric.MacGyver48@yahoo.com,0,
cus_Jl7P3hgzoRJPSd,Lynn Nicolas,Fidel_Boehm@hotmail.com,0,
cus_Jl7JJUYlWvwDKi,Destany Crooks,Devonte_Gibson@hotmail.com,0,
cus_Jkiwm3yOzLHkDS,Name field customer,name@example.com,0,usd
cus_JjNHhxFLkR4VAN,Test webhooks locally,twl@example.com,0,usd
cus_JiWV64ffdhUHzs,aroman test2,aromantest2@mail.com,0,usd
cus_JiVb7Dm0HYnVbD,cc discount 1,ccdiscount1@example.com,0,usd
cus_JiUgXvk7xfA7yd,Terrence Firmin,terrence@onboarding.com,0,usd
cus_JiTsBV0DTJvWKL,aroman test,aromantest@mail.com,0,usd
cus_Jh6i9Tdb08klbX,Jonas,,0,usd
cus_Jh6ihMfdszDkVI,,,0,
cus_Jh6iJe2Y7CgTWx,,,0,
cus_Jh6izVzIums2cP,,,0,
cus_Jh6i0HX9mBvkVC,,,0,
cus_Jh6irJWOG6HFNB,,,0,
cus_Jh6iEBRDTIcmnN,,,0,
cus_Jh6iecZK2y80sy,,,0,
cus_Jh6i2j2PPf37BE,,,0,
cus_Jh6iDyNZfTxvAH,,,0,
cus_Jh6iLOglRKrSJA,,,0,
cus_Jh6i0HQ3Ugl89K,,,0,
cus_Jh6ii2GcLfy1NJ,,,0,
cus_Jh6iJCZsK5GyTQ,,,0,
cus_Jh6iZc8sC22CJ5,,,0,
cus_Jh32cUi47bIxDH,,,0,
cus_Jh32nv8i6txYiA,,,0,
cus_Jh32L2uNtD4RQi,,,0,
cus_Jh32AdyA8H34Qh,,,0,
cus_Jh32detvtrazOM,,,0,
cus_Jh32Tr6NQM5krC,,,0,
cus_Jh32uk5SV7xl0N,,,0,
cus_Jh32SMORVgHsGo,,,0,
cus_Jh32gLe33dwCHG,,,0,
cus_Jh32Oix3SMy0OT,,,0,
cus_Jh32eAe1YgUfXH,,,0,
cus_Jh3283WEzblQeN,,,0,
cus_Jh329gx7RURMOS,,,0,
cus_Jh32TIoaufLwDj,,,0,
cus_Jh32PPUIhX9AM3,,,0,
cus_Jh32LwisGxsjjd,,,0,
cus_Jh2ywhnDMIlspk,,,0,
cus_Jh2y0izrWXygq7,,,0,
cus_Jh2yeAPHD3uSgK,,,0,
cus_Jh2yqpbrqX0lxl,,,0,
cus_Jh2yUQR02gey1J,,,0,
cus_Jh2yVT4eAxdLaf,,,0,
cus_Jh2yu5agV2w0Fc,,,0,
cus_Jh2y2YZYs794V7,,,0,
cus_Jh2yWR86UKNrYe,,,0,
cus_Jh2yU7qIj46KjS,,,0,
cus_Jh2yjFv9ewdQmk,,,0,
cus_Jh2y3Khnm2lqjc,,,0,
cus_Jh2yhk9AEBvMpt,,,0,
cus_Jh2yFqIdDEi6L8,,,0,
cus_Jh2y5nvNa7JriV,,,0,
cus_Jh2yse5bdSrL3q,,,0,
cus_Jh2ygFh1UIJecB,,,0,
cus_Jh2y7PCcVxL0cg,,,0,
cus_Jh2y2qA5HMVO8r,,,0,
cus_Jh2yefNBCUWq8O,,,0,
cus_Jh2xA7XEjJcoo2,,,0,
cus_Jh2xCaIkxtVKzP,MCS removed item,,0,
cus_Jh2xtYp6vVvEd8,,,0,
cus_Jh2wPvNtNhmTwC,,,0,
cus_Jh2w8cZ3iZhupE,,,0,
cus_Jh2wM7Y3rJWiCP,,,0,
cus_Jh2wuVmhe2PISL,,,0,
cus_Jgj6aqiTv5NI3l,,,0,
cus_Jgj2I6d0sH7JvH,,,0,
cus_Jgizz4TsG1Ub99,,,0,
cus_JgcFWcnCmJU00B,test scheduled changes 4,,0,usd
cus_Jgbz67OlnZRlJc,test scheduled changes 3,,0,usd
cus_JgbtAiJfm7KxzC,test scheduled changes 2,,0,usd
cus_JgJAtG8RT9Gpvb,test scheduled changes,,0,usd
cus_JgIziJGaGYAx22,test webhook,,0,usd
cus_Jg6IAqWLERU4xC,Stripe 6,stripe6@test.com,0,usd
cus_Jg6GjUlufcxOEJ,Stripe 5,stripe5@test.com,0,usd
cus_Jg6Fnejunbn2Jn,Stripe 4,stripe4@test.com,0,usd
cus_Jg6DrcIrxxYEuo,Stripe 3,,0,usd
cus_Jg6AzCQlx2dhEs,Stripe 2,stripe@test.com,0,usd
cus_Jg39vM5zIdnSsu,Stripe 1,stripe@test.com,0,usd
cus_Jg0GA77Rcb8mov,Gil,gil@test.com,0,usd
cus_JeUjcJIqQJDhJ9,hybrid without discount,hwd@example.com,0,usd
cus_Jb5d5J3yZwQTjr,test hybrid remove an item with no proration,marvin@chartmogul.com,0,usd
cus_Jb5b2UTLYSyOex,test hybrid downgrade then cancel an item,thdtcai@example.com,0,usd
cus_JaixfW9ToT9FKj,test hybrid add a single plan to existing sub,thasptes@example.com,0,usd
cus_Jai9l80lOzW7op,test hybrid change quantity to 0,thcqto0@example.com,-5811,usd
cus_Jai7rZHiF3ZKkG,test hybrid multiple quantity changes,thmqc@example.com,0,usd
cus_Jai5dfakCPXK9n,test hybrid change quantity down,thcqd@example.com,0,usd
cus_Jai3cQMj9udw0z,test hybrid change quantity up,thcqu@example.com,0,usd
cus_Jai1PJluzHNKCQ,test hybrid remove a single item,thrasi@example.com,0,usd
cus_JahzymC6H28Von,test hybrid with item plan switch,thwips@example.com,0,usd
cus_JahtLbNsxYQ4Wx,test hybrid plan switch,thps@example.com,0,usd
cus_JaEK7GS8xef7kR,test discount 3,testing_discount3@example.com,0,
cus_JaE3clLnH5PUhP,test discount 2,testing_discount2@example.com,0,usd
cus_JaDx7wukb0Hd78,test discount 1,testing_discount@example.com,0,usd
cus_JYl6cAUogygSYB,Tiered pricing customer,tiered@mail.com,0,usd
cus_JY2lpT2ENTBhgF,trial customer 1,trialexample@example.com,0,usd
123123,,,0,usd
cus_JWAIY3byQ7IQXa,,,0,
hello2,xxx,,0,
hello,,,0,
cus_JWABM70Y8RwxlX,,,0,
cus_JW7CAjypaA4q8H,Trial person,trialperson@mail.com,0,usd
cus_JW5umRoPtAVW6W,plan switch customer 1,planswitch1@example.com,0,usd
cus_JVsjLhiRhPB1jQ,one minute diff cancellation,omdc@example.com,0,usd
cus_JVRbZSnN1KdblN,Monthly to Yearly,mtoy@example.com,0,usd
cus_JVQGZw0eSXLnIp,Manual balance customer,mbs@example.com,0,usd
cus_JVPa1vbafAOT5D,Centaur Warchief,marvin+test@chartmogul.com,0,usd
cus_JV5K5UFWbWNu1q,Chase Fornes,chase.fornes@example.com,0,usd
cus_JTx9rjkGAb23m5,ùïÑùï£.ùïåùïãùîΩ-ùü†,mr.utf8@email.com,0,usd
cus_JT7z1EaVLNqX4G,aroman test stripe,aromantest@mail.com,0,usd
cus_JOGDdTLXyHdtPJ,,claudia+address@chartmogul.com,0,usd
cus_JOG8RY1UuxVUcy,,claudia+addressmissing@chartmogul.com,0,usd
cus_JNxeMtSroVZAbI,test plan groups,plangroups@example.com,0,
cus_JNXuXqAWFI8Ob6,John will be cancelled soon,cancel_soon@example.com,0,usd
cus_JLIlJFXQMe1F74,customer with draft invoice,customer.with.draft.invoice@example.com,0,usd
cus_JKw2SJnkPOvOhm,Metered Customer plan,metered@example.com,0,usd
cus_JJUaJVgDlBUNhv,customer with volume/tierced pricing,volume@example.com,0,usd
cus_JJRKbiG4RgcDuy,customer_with_balance,customer_with_balance@example.com,0,usd
cus_JJ6arf9qP5mcqd,quantity_mcs_with_discounts,quantity_mcs_with_discounts@example.com,0,usd
cus_JGqgTbwaQQzdgo,Test fees amount,charmi+ines@live.com,0,usd
cus_JG49K8j0FQoUHp,my discouted customer,mdc@example.com,0,usd
cus_JEGoJNKhi3UeKS,Customer with prorated discount,marvin@chartmogul.com,0,usd
cus_JECgvd8rEeoEDK,<h1>Test</h1> <h2>User</h2> test <b>tags</b>,test_tags_input@example.com,0,usd
cus_JEAWwNRQmUd0z5,Customer with discounts,discount@example.com,0,usd
cus_JDQJpzOmOiYknh,customer_with_taxes,customer_with_taxes@example.com,0,usd
cus_JCz5PElQAG97lx,subscription with voided invoice,subwithvoid@example.com,0,usd
cus_JCsCeU5nxO2bAf,sub downgrade,sub.downgrade@example.com,0,usd
cus_JBUycrx3NXAI1f,testinginvoices,testinvoice@example.com,0,usd
cus_J90Z6dlY6FJVfr,Single Then Multiple,STM@example.com,0,usd
cus_J8yqId2814Y41l,from single to multiple with payment,single2mult@example.com,0,usd
cus_J8yPFGl4T4MUXb,From Single to Multiple,single2multiple@example.com,0,usd
cus_J8MZaRev6avHdD,MCS Customer 1,mcs-customer-1@example.com,0,usd
cus_J5cHsvjuocdRsc,Mohamed Ali Charmi,mohamed+stripe@chartmogul.com,0,usd
cus_J5acmSrsL1idoq,refunds_fees,refunds_fees@example.com,-9011,usd
cus_J5DXdY4uwL8VTn,Test Cancel,testcancel@test.com,0,usd
cus_J4w24PYI9OWGZV,Second try,secondtry@gmail.com,0,usd
cus_J4sA76cmFNEoTP,Eighth March,eighthmarch@google.com,-449358,usd
cus_IxhN0s0oOzMz75,Mac Mini,macmini@example.com,0,usd
cus_IscVFjeDHdvxLH,Sandr Chrm,sandr.chrm@goolge.co.uk,0,usd
cus_Isc5Z6tvHAYne6,Jad Sel,jad.sel@join-us.tech,0,usd
cus_IsZZEB9g1AAr7E,Ines Cordoba,ines.cordoba@join-us.tech,0,usd
cus_IponpoXC8Ei31v,refund_customer3,refund_customer3@example.com,0,usd
cus_IpoQGupG1D5tXA,refund_customer2,refund_customer2@example.com,0,usd
cus_Incy7ynp6xbRLp,,charmi@live.com,0,
cus_Inad2QFHfMdbHT,Michael Lupin,ml@example.com,0,
cus_InFSpvkRb9CLd0,Non-prorated quantity decrease,test_hybrid2@example.com,0,usd
cus_InFOECaTGY6tOu,Non-prorated quantity increase,test_hybrid1@example.com,0,usd
cus_IkZAvG6JtCAGcN,Unite subscriptions check,usc@usc.com,0,usd
cus_IkAxll5QvRjqI2,Test Trial Customer,trialcustomer@mail.com,0,usd
cus_IiJ4iMDHZQphsV,msc,msc@msc.com,0,usd
cus_IhIaD7CQNrMkkV,plan switch yearly to monthly,yearlytomonthly@example.com,0,usd
cus_Icgu84dEVEPH1Q,John Doe,john.doe@stripe.com,0,usd
cus_Ic33u3M72CLxNB,My paused customer,my.pause.customer@example.com,0,usd
cus_IUQBMeos6hTfe4,New customer 2,newcustomer2@mail.com,0,usd
cus_IUQ3N2ye029IhQ,New customer,newcustomer@mail.com,0,usd
cus_IUQ1Pb8Rs2iZhf,Ethan,ethan@example.com,0,usd
cus_IJxViSjHw25SU6,Enrique Gil,enrique@example.com,0,usd
cus_IHj7JMGyrHgBv9,joe smith name,joe@example.com,0,usd
cus_IHddyk7yhsjY7W,Jane Smith name,jane@example.com,0,usd
cus_I989C05wfTid7v,Quaterly Plan,quaterly.plan@join-us.tech,0,usd
cus_I7g2w8EEnlJK9s,full_refund_handling_07,full_refund_handling_07@example.com,0,usd
cus_I1bvJpcy0wPTir,webhook_test_1,webhook_test_1@example.com,0,usd
cus_Hz3C8byJqGZD0Z,full_refund_handling_06,full_refund_handling_06@example.com,0,usd
cus_Hx45RCstFPclgX,full_refund_handling_05,full_refund_handling_05@example.com,0,usd
cus_HwnRYNMcOM5lg7,full_refund_handling_04,full_refund_handling_04@example.com,0,usd
cus_HwjXnLN8AqRbE4,full_refund_handling_03,full_refund_handling_03@example.com,0,usd
cus_HwiNyngvYTFzA8,full_refund_handling_02,full_refund_handling_02@example.com,0,usd
cus_Hwi8i6rJnld6vW,full_refund_handling_01,,0,usd
cus_Hu9VZprigdaMQm,partial_refund_01,partial_refund_01@example.com,0,usd
cus_HtmxCqZM5K1FwW,Jane Doe,jane.doe@join-us.tech,0,usd
cus_HrBm2ehJ5MXIBb,yearly sub with discount,yearly_sub_w_discount@example.com,0,usd
cus_Hr7HtkbeHrEwLb,mcs_lead_3,mcs_lead_3@example.com,0,usd
cus_Hr7GdKEgeyj6kR,mcs lead 2,msc_lead_2@example.com,0,usd
cus_Hr6u5zUsk2CrhE,Lead_mcs_customer,Lead_mcs_customer@join-us.tech,-11495,usd
cus_Hr6MLIjlTgLXPv,Lead customer,lead.customer@join-us.tech,-17994,usd
cus_HlxLtbQ0fDyH1g,refunded_plan_change_2@hello.tmx,refunded_plan_change_2@hello.tmx,0,usd
cus_HlwjTbDIRrXQPG,refunded_plan_change_1,refunded_plan_change_1@hello.tmx,0,usd
cus_Hlwc8HGbQkKShX,refunded_plan_change,refunded_plan_change@hello.tmx,0,usd
cus_Hlvvn1AKoXoiYs,past_due@cm.tnx,past_due@cm.tnx,0,usd
cus_Hls6tjFKxkNGRQ,daily_plan_past_due,daily_plan_past_due@khail.com,0,usd
cus_HlhfxI3lH2XvIW,past_due+1@gkail.com,past_due+1@gkail.com,0,usd
cus_HlhYdZNMJUL3Ym,past_due_customer,past_due@gkail.com,0,usd
cus_HhPPWV1NWPLx9M,HUF customer,huf@gmail.comm,0,huf
cus_HeLyMQXScriQy2,paused subscription 5,paused_customer5@example.com,0,usd
cus_HeLttSsdsSDuVQ,paused subscription 4,paused_customer4@example.com,0,usd
cus_HeLn7s8HqyqaVe,paused subscription 3,paused_customer3@example.com,0,usd
cus_HeLi1ii7Qx8wEu,paused_subscription2@example.com,paused_customer2@example.com,0,usd
cus_He1zDaNirBTYW7,paused_subscription1@example.com,paused_customer1@example.com,0,usd
cus_HddR2oAYUmLLkZ,manual payment 1,manual_payment1@example.com,0,usd
cus_HcVEFNud9dnP74,merged_customer,merged_customer@example.com,0,usd
cus_HbtcGjizUGsADH,dali-refunded-invoice,dali-refunded-invoice@example.com,0,usd
cus_Hb1qCjmwA4p8H5,Japanese customer,jpy@nippon.fr,0,jpy
cus_Hb1QKjelnrSbgf,JPY Dali,daly@example.jpy,0,jpy
cus_HZ8b6c5QE3GTmd,JPY exempted,jpy_customer+exempted@nippon.de,0,jpy
cus_HZ8bX9f3p4wulU,JPY customer,jpy_customer@nippon.de,0,jpy
cus_HYnruT8hCytSzX,proration_at_the_end_of_the_month,proration_at_the_end_of_the_month@example.com,0,usd
cus_HYkJ3hUFJNLgvy,test scheduled cancellation,,0,usd
cus_HVkVuXlr9OWqPC,test plan switch13,testplanswitch13@example.com,0,usd
cus_HUHpCXV2DAxQOT,Test Merge Accounts,testmergeaccounts@example.com,0,usd
cus_HTyju98ATd3wl3,reactivation,reactivation@example.com,-9819,usd
cus_HSvOUAuMKgmGvL,Test MigrateEditsWithOnePlanSubscription,testmigrateeditswithoneplansubscription@example.com,0,usd
cus_HRwKL86QFrftqu,Clark Kent,clarkkent@example.com,0,usd
cus_HRduSqZhJvUcBK,mcs_subscription_connections_migration_2@example.com,mcs_subscription_connections_migration_2@example.com,0,usd
cus_HRFGMqNK4N5rDq,Test Stripe User,teststripe@user.com,0,usd
cus_HRF8qKVNK06AMK,test non-recurring cus1,testnrecurcus1@example.com,0,usd
cus_HREoTPjRDVGlVv,test subscription creation 2,testsubcreation2@example.com,0,usd
cus_HREkL08jbmouXe,test subscription creation 1,testsubcreation1@example.com,0,usd
cus_HQuz97hHkDVzUj,Dmitriy Test,dmitriytest@example.com,0,usd
cus_HPT5qNJMTDIslR,mcs_subscription_connections_migration,mcs_subscription_connections_migration@example.com,0,usd
cus_HO03N7zszjLHy1,MCS_SUB_MIGRATION,mcs_sub_migration@example.com,0,usd
cus_HMqXl4mFDImHhX,test cancellation 2,testcancellation2@example.com,0,usd
cus_HMqSvfqYoM52gg,test cancellation 1,testcancellation1@example.com,0,usd
cus_HMN7rQzowpf2mr,test plan switch 12,testplanswitch12@example.com,-9999,usd
cus_HM4nuVX10i0IuK,test plan switch 11,testplanswitch11@example.com,0,usd
cus_HM4aF08HaDegnt,test plan switch 10,testplanswitch10@example.com,-9999,usd
cus_HM3sFzcgKSFPKd,tax_refund_guy,tax_refund_guy@example.com,0,usd
cus_HJumcuuFYTLd3C,taxguy12,taxguy12@example.com,0,usd
cus_HJtahTmIrM2Kel,taxguy11,taxguy11@example.com,0,usd
cus_HJn6wscL9BZhTS,tax guy 31,tax_guy_31@example.com,0,usd
cus_HJRAJP2TzQsiNW,multiple_taxes_guy,multiple_taxes_guy@test.com,0,usd
cus_HJQv2HIpvvMPpx,tiered guy 1,tieredguy1@example.com,0,usd
cus_HHZVvPiIlzQDFF,Prorate percentage plan upgrade discount,prorate_percentage_plan_upgrade_discount@example.com,0,usd
cus_HHYYtUo4I2PVcT,Prorate discount upgrade plan,prorate_discount_upgrade_plan@example.com,0,usd
cus_HHDAmoG1RCNqPQ,Prorate with percentage discount,prorate_with_percentage_discount@example.com,0,usd
cus_HHBNTuW3Hbb76m,Prorate with Discount,prorate_with_discount@example.com,0,usd
cus_HH890jsWoC109J,tax guy 10,taxguy10@example.com,0,usd
cus_HH81CXRKSKEZ4b,tax guy 9,taxguy9@example.com,0,usd
cus_HGRptrLp4BDlIw,tax guy 8,taxguy8@example.com,27,usd
cus_HFkxSYghoJben3,tax guy 7,taxguy7@example.com,12,usd
cus_HFj95yZZieAmia,tax guy 6,taxguy6@example.com,0,usd
cus_HFcGuZ00WmsDwU,tax guy 5,taxguy5@example.com,0,usd
cus_HByxznzl3vCcmF,test sub update 1,testsubupdate1@example.com,0,usd
cus_HAkumrz43CmfA9,test plan switch 9,testplanswitch9@example.com,0,usd
cus_HAkfAUo9pyhRsp,test plan switch 8,testplanswitch8@example.com,0,usd
cus_HA8bsDJdqHXWH8,test plan switch 7,testplanswitch7@example.com,0,usd
cus_HA274DlmNOERIg,test plan switch 6,testplanswitch6@example.com,0,usd
cus_HA1jV9x9vARSUR,test plan switch 5,testplanswitch5@example.com,0,usd
cus_H9mnhWdCzPKbRi,dali-01,dali-01@test.com,0,usd
cus_H9ihtJ9yvqKyk5,test plan switch 4,testplanswitch4@example.com,0,usd
cus_H8btIki56f0GvX,test plan switch 3,testplanswitch3@example.com,0,usd
cus_H8bQ7WZmbnlc54,tax guy 4,taxguy4@example.com,0,usd
cus_H8YPQT9krrdryS,tax guy 3,taxguy3@example.com,0,usd
cus_H8XPSessenpxlt,tax guy 2,taxguy2@example.com,0,usd
cus_H8VUTjusidplVZ,tax guy,taxguy1@example.com,0,usd
cus_H89hny4RbLJ7S5,add a component,addcomponent@example.com,0,usd
cus_H89A2kwvEJejIC,testplanswitch2,testplanswitch2@example.com,0,usd
cus_H76yVSpvq8EXLD,test plan switch 2,testplanswitch@example.com,0,usd
cus_H76ZvWtM1yqDqV,test plan switch,marvin@chartmogul.com,0,usd
cus_H3LredgKHAL0Le,miley cyrus,miley@example.com,0,usd
cus_H3L8RSLN6q57CO,lindsay lohan,lindsay@example.com,0,usd
cus_GvmQVr6kTcCbRV,testing prorated invoice 2,testingpinvoice2@example.com,0,usd
cus_Gvm1ER91EyJYIB,Test initital prorated subscription,prorated_subscription@example.com,0,usd
cus_GrIPWtYRJMQNQg,Pause Subscription,paulpause@example.com,0,usd
cus_Glf9zcaQzeIxSg,percent discount customer,discount@example.com,0,eur
cus_GdpncmrMDB0hsM,Umar Test,umar@testcustomer.com,0,usd
cus_GYYUn0byQZWyPz,priscilla almenda,palmenda@example.com,0,usd
cus_GWI6XtcfkVkXhy,alex bones,abones@example.com,0,usd
cus_GNnjagaqzo1cJA,eliza johnson,eliza@customer.com,0,usd
cus_GNnA4zzUx83S4U,ernest hodge,ernest@customer.com,0,usd
cus_GLu49hUkEoP6a3,Logan Hall,logan@example.com,0,usd
cus_GJEQFxNS80FQGB,Joseph Smith,joesmith@example.com,0,usd
cus_GIp1vR1bzDHjME,amanda page,amanda@example.com,0,usd
cus_G5hTHyukMMUjtf,pugsley addams,pugsley@example.com,0,usd
cus_G5RF2exyqJ9qLb,wednesday@example.com,wednesday@example.com,0,
cus_G2h8DHqdRk0Itx,monica geller,,0,usd
cus_G2Nv9R5OUyE8Sy,,reggie@example.com,0,usd
cus_G2NLDW21VCnRCb,,jughead@example.com,0,usd
cus_G2N8zZI6CSdH2F,hyram lodge,hyram@example.com,0,usd
cus_G1vTT6QqCAj5Ss,moose,moose@example.com,0,usd
cus_FxplDzRZNmvWxK,dilton dillon,dilton@example.com,0,usd
cus_FwnkVBZ4VB7T5M,monthly to annual,mtoa@example.com,0,usd
cus_FvDHGTiUAiJFAr,MP planchange 2,mpplanchange2@example.com,0,usd
cus_FusJjRiXEyE2O5,MP plan change,mpplanchange@example.com,0,usd
cus_FiZ08LSOiPwUAa,trial customer,trialcustomer@example.com,0,usd
cus_Fi6hDu7L3JidnL,multiplan subscription,multiplan@example.com,0,usd
cus_FV1PwVVnBq065m,John Smith,customer@example.com,0,usd
